Name,OVR,Year,Clan,Leader,Class Player,Cheater,Source
Latedownload,99,2022,VAK,Elite,,,2023 tier list
m_jor,98,2019,ARCON,Elite,,,all-time impact top 100
oditty,98,2020,RSF,Experienced,,,all-time impact top 100
draintic,98,2021,,Elite,,,all-time impact top 100
HanoClique,95,2023,Silver Crew,,,TRUE,2023 tier list
evilsworn,98,2021,,,,,all-time impact top 100
c4spian,97,2018,,,,,all-time impact top 100
outflash,97,2021,,,,,all-time impact top 100
haypro,97,2021,,,,,Personal
Latedownload,97,2021,VAK,,,,Growth interpolation
bobosaid,97,2014,,,,,Legacy
Latedownload,96,2019,,,,,all-time impact top 100
gard1bas,96,2020,EU,Experienced,,,all-time impact top 100
J_tson,96,2020,,,,,all-time impact top 100
c4spian,96,2020,CSP,,,,2020 tier list
outflash,96,2022,VAK,,,,2022 Summer Games draft
V3KT,95,2022,VAK,,,,2022 Summer Games draft
pastlight,95,2021,,,,,Growth interpolation
blacklisting,95,2023,RoR,,,,2023 tier list
Hugo_Nuts,95,2023,Snow Core,,,,2023 tier list
chalst,95,2020,CSP,,,,2020 tier list
Da_mas,95,2020,VAK,,,,2020 tier list
draintic,95,2020,CSP,,,,2020 tier list
EnigmaPenguin,95,2020,CSP,,,,2020 tier list
F00fighters,95,2020,TNIC,,,,2020 tier list
m_jor,95,2020,ARCON,,,,2020 tier list
outflash,95,2020,CSP,,,,2020 tier list
pastlight,95,2020,CSP,,,,all-time impact top 100
Sahsook,95,2020,,,,,all-time impact top 100
sentXI,95,2020,CSP,,,,2020 tier list
evilsworn,95,2020,CSP,,,,2020 tier list
Latedownload,95,2020,,,,,2020 tier list
Latedownload,95,2025,VAK,,,,
paul321321,91,2023,CCL,,,,Personal
JAWS,95,2021,,No Mic,,,all-time impact top 100
evilnura,95,2023,VAK,,,,2023 tier list
f_earfulmaster,95,2023,OP,,,,2023 tier list
outflash,95,2023,VAK,,,,2023 tier list
ReaperMagic,94,2023,VAK,,,,2023 tier list
Avaitron,95,2026,,,,,Matcha tier list
aspirrant,95,2026,,,,,Matcha tier list
dreaddfuI,95,2026,VAK,,,,Matcha tier list
goatvicts,95,2026,,,,,Matcha tier list
rinarcy,95,2026,,,,,Matcha tier list
frrags,95,2023,VAK,,,,2023 tier list
blacklisting,95,2022,VAK,,,,2022 Summer Games draft
c4spian,95,2021,,,,,Growth interpolation
JAWS,95,2023,VAK,,,,2023 tier list
pastlight,94,2022,VAK,,,,2022 Summer Games draft
evilmatty,96,2022,VAK,,,,haypro top 30
ReaperMagic,95,2021,,,,,all-time impact top 100
c4spian,94,2023,SOL,,,,2023 tier list
hecactia,94,2021,,,,,all-time impact top 100
ReaperMagic,94,2022,VAK,,,,2022 Summer Games draft
Sahsook,94,2021,,,,,Growth interpolation
tokyosurfer,94,2022,VAK,,,,2022 Summer Games draft
tokyosurfer,93,2023,,,,,
hecactia,94,2022,VAK,,,,haypro top 30
Sahsook,94,2022,VAK,,,,haypro top 30
frrags,95,2026,VAK,,,,Matcha tier list
Sofapoppin,93,2020,,,,,all-time impact top 100
Ran502,93,2021,,,,,all-time impact top 100
chalst,95,2021,,,,,2021 CCL draft
C_talyst,92,2021,,,,,all-time impact top 100
no_logic,92,2022,VAK,,,,2022 Summer Games draft
evilmatty,92,2021,,,,,all-time impact top 100
HALSTAD,92,2021,,,,,2021 gun-clanner list
Pryxis,92,2021,,,,,all-time impact top 100
tokyosurfer,92,2021,,,,,all-time impact top 100
C_talyst,92,2022,VAK,,,,2022 Summer Games draft
frrags,92,2021,,,,,2021 CCL draft
J_tson,92,2021,,,,,2021 CCL draft
dibbix,92,2022,,,,,Personal
faxyst,91,2022,VAK,,,,2022 Summer Games draft
Commando_Jesus,91,2019,,,,,all-time impact top 100
chalst,95,2019,,,,,all-time impact top 100
1ultraa1,91,2020,CSP,,,,2020 tier list
adriel,91,2020,CSP,,,,2020 tier list
Avaitron,91,2020,ARCON,,,,2020 tier list
C_talyst,91,2020,ARCON,,,,2020 tier list
Commando_Jesus,91,2020,ARCON,,,,2020 tier list
DoctorSatan,91,2020,ARCON,,,,2020 tier list
drainsights,91,2020,,,,,2020 tier list
fytho,91,2020,CSP,,,,2020 tier list
G2_Jetson,91,2020,OP,,,,2020 tier list
Gupp_r,91,2020,CSP,,,,2020 tier list
HALSTAD,91,2020,VAL,,,,2020 tier list
JAWS,91,2020,VAL,,,,2020 tier list
monkahpoppin,91,2020,CSP,,,,2020 tier list
NoClique,91,2020,,,,,2020 tier list
Octasion,91,2020,ARCON,,,,2020 tier list
Out_Gunner,91,2020,CSP,,,,2020 tier list
paul321321,91,2020,CCL,,,,2020 tier list
paul321321,97,2016,CSP,,,,Personal
Sliqqq,91,2020,OP,,,,2020 tier list
Swuggah,91,2020,CSP,,,,2020 tier list
accelfrenzy,91,2023,VAK,,,,2023 tier list
Avaitron,97,2023,VAK,,,,2023 tier list
cartiftf,91,2023,RoR,,,,2023 tier list
dreaddfuI,91,2023,Silver Crew,,,,2023 tier list
GhostTactical,95,2023,SOL,,,,2023 tier list
KiroClique,91,2023,Silver Crew,,,,2023 tier list
Memeserii,91,2023,Silver Crew,,,,2023 tier list
Nick_Montana,91,2023,OP,,,,2023 tier list
turilio,91,2023,SOL,,,,2023 tier list
danlam,91,2026,,,,,Matcha tier list
omwhugo,91,2026,,,,,Matcha tier list
vAbcelon,91,2026,,,,,Matcha tier list
lmaotion,93,2026,,,,,Matcha tier list
ariszaas,91,2023,RoA,,,,Personal
accelfrenzy,91,2022,VAK,,,,2022 Summer Games draft
Avaitron,91,2021,,,,,Growth interpolation
berryboptart,90,2022,VAK,,,,2022 Summer Games draft
s2n_phino,90,2022,VAK,,,,2022 Summer Games draft
faxyst,90,2021,,,,,Growth interpolation
tjejoker87,90,2022,VAK,,,,2022 Summer Games draft
Commando_Lemon,90,2018,,,,,all-time impact top 100
drainsights,90,2021,,,,,2021 gun-clanner list
RICESREVENGE,90,2021,,,,,2021 gun-clanner list
tjejoker87,90,2021,,,,,2021 gun-clanner list
TORMENT_X,90,2021,,,,,all-time impact top 100
vAbcelon,90,2021,,,,,all-time impact top 100
C_talyst,90,2023,VAK,,,,2023 tier list
cahpuh,90,2025,SOL,,,,Submission
shintics,90,2026,,,,,Matcha tier list
hecactia,93,2023,VAK,,,,2023 tier list
hecactia,93,2025,VAK,,,,
fireschoolbus1,90,2024,,,,,
epicwolfgaming1,90,2024,,,,TRUE,
racvk,90,2024,SURGE,,,,
evj,90,2025,SOL,,,,
RICESREVENGE,90,2022,VAK,,,,2022 Summer Games draft
V3KT,90,2021,,,,,Growth interpolation
racvk,90,2023,SOL,Experienced,,,Personal
omwhugo,90,2025,SOL,,,,Sol Cup 2025
c4spian,90,2025,SOL,,,,Sol Cup 2025
turilio,90,2025,SOL,,,,Sol Cup 2025
pyxroo,90,2025,SOL,,,,Sol Cup 2025
KanyesFreshStart,89,2022,VAK,,,,2022 Summer Games draft
KanyesFreshStart,91,2023,,,,,
Saltigrade,89,2022,VAK,,,,2022 Summer Games draft
Saltigrade,89,2021,,,,,Growth interpolation
Br_ce,89,2017,,,,,all-time impact top 100
notceps,89,2017,,,,,all-time impact top 100
qu0z,89,2018,,,,,all-time impact top 100
AIgerr,89,2020,VAK,,,,2020 tier list
Claaim,89,2020,44th,,,,2020 tier list
Emmetbrickowski832,89,2020,CSP,,,,2020 tier list
faxyst,89,2020,44th,,,,2020 tier list
gagees,89,2020,VAK,,,,2020 tier list
Hav00k,89,2020,VAL,,,,2020 tier list
Iqcs,89,2020,OP,,,,2020 tier list
Pryxis,89,2020,ARCON,,,,2020 tier list
Saltigrade,89,2020,VAK,,,,2020 tier list
sixtense,89,2020,OP,,,,2020 tier list
tjejoker87,89,2020,,,,,2020 tier list
Volstag,89,2020,VAK,,,,2020 tier list
Warspell,89,2020,VAK,,,,2020 tier list
mxrced,89,2026,,,,,Matcha tier list
ReaperMagic,88,2026,VAK,,,,Matcha tier list
vurnextdoor,89,2024,RoR,,,,Submission
cencede,89,2024,Snow Core,,,,Personal
desolight,89,2024,,,,,
Dischanted,91,2023,,,,,
gard1bas,93,2021,,,,,2021 CCL draft
GhostTactical,91,2021,,,,,Growth interpolation
medicide,89,2014,,,,,Legacy
kreayc,89,2025,SOL,,,,Sol Cup 2025
khritus,89,2025,SOL,,,,Sol Cup 2025
Shinsire,89,2025,SOL,,,,Sol Cup 2025
deadlyful,89,2025,SOL,,,,Sol Cup 2025
Heimdir,88,2022,VAK,,,,2022 Summer Games draft
GhostTactical,88,2020,,,,,all-time impact top 100
BodyRipped,88,2021,,,,,all-time impact top 100
Jerehly,88,2021,,,,,2021 gun-clanner list
lorddicys,88,2022,SURGE,,,,
feelmyquad,88,2021,,,,,2021 CCL draft
Shortnize,88,2021,,,,,Personal
s9nso,88,2023,SOL,,,,Sol Cup 2023
cahpuh,88,2023,SOL,,,,Sol Cup 2023
thegodofmariokartwii,88,2023,SOL,,,,Sol Cup 2023
LimitingFactors,88,2023,SOL,,,,Sol Cup 2023
damejulio1942,88,2025,SOL,,,,Sol Cup 2025
Craidd,88,2025,SOL,,,,Sol Cup 2025
paul321321,89,2025,SOL,,,,Sol Cup 2025
scq,88,2025,SOL,,,,Sol Cup 2025
Ghostly427,88,2025,SOL,,,,Sol Cup 2025
s9nso,88,2025,SOL,,,,Sol Cup 2025
crash6474,87,2022,VAK,,,,2022 Summer Games draft
ApexFaMe,87,2022,VAK,,,,2022 Summer Games draft
luminated,87,2022,VAK,,,,2022 Summer Games draft
bombpacts,87,2020,VAK,,,,2020 tier list
bombpacts,89,2023,VAK,,,,
ajfon163,87,2020,44th,,,,2020 tier list
Eureti,87,2020,ARCON,,,,2020 tier list
KakashiMontage,87,2020,Snow Core,,,,2020 tier list
evilmatty,90,2020,CSP,,,,2020 CCL stats
ReaperMagic,93,2020,ARCON,,,,2020 tier list
RektItCola,87,2020,ARCON,,,,2020 tier list
Rxfresh,87,2020,ARCON,,,,2020 tier list
scilz,89,2020,Prime,,,,2020 CCL stats
theNBK,87,2020,CSP,,,,2020 tier list
Zaminite,87,2020,44th,,,,2020 tier list
deadly,87,2021,,,,,all-time impact top 100
HanoClique,87,2021,,,,,2021 gun-clanner list
luminated,87,2021,,,,,2021 gun-clanner list
sentXI,87,2021,,,,,all-time impact top 100
youngcion,87,2021,,,,,2021 gun-clanner list
zyyrus,87,2021,,,,,2021 gun-clanner list
BRUTALlSE,87,2026,,,,,Matcha tier list
Carl71078,87,2026,,,,,Matcha tier list
deadlyful,87,2026,,,,,Matcha tier list
kreayc,87,2026,,,,,Matcha tier list
qirvv,87,2026,,,,,Matcha tier list
redlqc,87,2026,VAK,,,,Matcha tier list
renshire,87,2026,,,,,Matcha tier list
s9ense,91,2026,,,,,Personal
vaporizedv,87,2026,,,,,Matcha tier list
sapphireova,87,2023,,,,,Personal
gIoryfication,87,2023,[x]Tracker,,,,
abosty,87,2024,,,,,
chetospanish,87,2025,,,,,
mortflare,87,2023,,,,,
Wattsohn,87,2022,VAK,,,,Personal
Octasion,87,2021,,,,,2021 CCL draft
KILLMAN,89,2023,VAK,,,,2023 tier list
shaquillee,89,2023,VAK,,,,2023 tier list
Xialafils,93,2024,,,,,Submission
Ran502,87,2023,SOL,,,,Sol Cup 2023
scilz,87,2023,SOL,,,,Sol Cup 2023
indulg,87,2023,SOL,,,,Sol Cup 2023
stacvks,87,2023,SOL,,,,Sol Cup 2023
Apocryphae,87,2025,SOL,,,,Sol Cup 2025
Vyprahul,87,2025,SOL,,,,Sol Cup 2025
s2n_phino,87,2025,SOL,,,,Sol Cup 2025
tempo1nee,86,2023,,,,,Personal
Bevoc,86,2022,VAK,,,,2022 Summer Games draft
actuallyJT,86,2022,VAK,,,,2022 Summer Games draft
fireschoolbus1,86,2022,VAK,,,,2022 Summer Games draft
Moist_God,86,2020,,,,,all-time impact top 100
DeadIyXI,86,2021,,,,,2021 gun-clanner list
Hav00k,86,2021,,,,,2021 gun-clanner list
Spellcore,86,2021,,,,,all-time impact top 100
c4spian,86,2026,,,,,Matcha tier list
exirly,86,2026,,,,,Matcha tier list
Iostvoicee,86,2026,,,,,Matcha tier list
GFRafael,86,2023,RoA,,,,Personal
dxqip,89,2025,,,,,Personal
Kneaz,88,2023,VAK,,,,
Kneaz,89,2025,VAK,,,,
j_sterrs,89,2023,,,,,
dibbix,88,2021,,,,,2021 CCL draft
vurnextdoor,86,2023,SOL,,,,Sol Cup 2023
outclaim,86,2023,SOL,,,,Sol Cup 2023
youngcion,86,2023,SOL,,,,Sol Cup 2023
VintagAlc,86,2025,SOL,,,,Sol Cup 2025
Acceptlyy,86,2025,SOL,,,,Sol Cup 2025
bulet,86,2025,SOL,,,,Sol Cup 2025
BlueSweatShirt,86,2025,SOL,,,,Sol Cup 2025
imaginestad,85,2022,VAK,,,,2022 Summer Games draft
bombpacts,86,2026,VAK,,,,Matcha tier list
XBSIGHTS,85,2020,VAK,,,,2020 tier list
taki0ps,85,2020,,,,,all-time impact top 100
lightvskii,85,2021,,,,,2021 gun-clanner list
SCALESREVENGE,85,2021,,,,,2021 gun-clanner list
Und,85,2021,,,,,2021 gun-clanner list
crash6474,85,2026,VAK,,,,Matcha tier list
darkbIaze,85,2026,,,,,Matcha tier list
khritus,85,2026,,,,,Matcha tier list
masqrader,86,2026,VAK,,,,Matcha tier list
obinco,88,2026,VAK,,,,Matcha tier list
obinco,89,2025,,,,,
pastlight,87,2026,,,,,Matcha tier list
pIatinum_xe,85,2026,,,,,Matcha tier list
V_iridian,88,2026,VAK,,,,Matcha tier list
Vyprahul,87,2026,,,,,Matcha tier list
Tenshi,87,2026,,,,,Matcha tier list
Tenshi,90,2024,,,,,Personal
Oxledus,85,2023,,,,,
Sidees,85,2018,,,,,all-time impact top 100
Sidees,91,2023,,,,,
realotsxi,85,2021,,,,TRUE,
ninjiesz,85,2018,,,,TRUE,
sancted,85,2021,,,,TRUE,
asunaspace,85,2021,,,,,2021 CCL draft
Out_Gunner,85,2021,,,,,2021 CCL draft
LimitingFactors,85,2021,,,,,Personal
vastrano30,85,2023,SOL,,,,Sol Cup 2023
renshire,85,2023,SOL,,,,Sol Cup 2023
desvayne,85,2023,SOL,,,,Sol Cup 2023
lastnote,85,2023,SOL,,,,Sol Cup 2023
outclaim,85,2025,SOL,,,,Sol Cup 2025
obeyence,85,2025,SOL,,,,Sol Cup 2025
wrystt,85,2025,SOL,,,,Sol Cup 2025
p_ams,85,2025,SOL,,,,Sol Cup 2025
ImperfectJayboss,84,2026,,,,,Matcha tier list
auspwave,84,2022,VAK,,,,2022 Summer Games draft
Nexstrious,84,2022,VAK,,,,2022 Summer Games draft
actuallyJT,84,2021,,,,,Growth interpolation
theNBK,84,2019,,,,,all-time impact top 100
Arinatookcustody,84,2020,44th,,,,2020 tier list
Auspicious,84,2020,VAK,,,,2020 tier list
Birk,84,2020,CSP,,,,2020 tier list
Blacklight,84,2020,,,,,2020 tier list
Blackshadow37,84,2020,OP,,,,2020 tier list
butchrr,87,2020,HDRZ,,,,2020 CCL stats
Cleave,84,2020,CSP,,,,2020 tier list
dibbix,86,2020,VAL,,,,2020 tier list
Hooligan,84,2020,CSP,,,,2020 tier list
JNICK,84,2020,WIJ,,,,2020 tier list
Laedere,89,2020,ARCON,,,,2020 CCL stats
luminated,84,2020,ARCON,,,,2020 tier list
osts,84,2020,,,,,2020 tier list
s9d,84,2020,,,,,2020 tier list
Sentrumn,84,2020,OP,,,,2020 tier list
SnowRabbitx1x,84,2020,ARCON,,,,2020 tier list
soupy_s,84,2020,OP,,,,2020 tier list
stab_y,88,2020,VAK,,,,2020 tier list
Stephe1n,84,2020,ARCON,,,,2020 tier list
V3KT,90,2020,,,,,2020 tier list
Xeqto,87,2020,44th,,,,2020 tier list
youngcion,84,2020,Valania,,,,2020 tier list
SpetnazCaptain,84,2021,,,,,all-time impact top 100
Vexitus,84,2021,,,,,2021 gun-clanner list
12ekt,92,2023,SURGE,,,,2023 tier list
Isxaiah,84,2023,RoR,,,,2023 tier list
m_jor,90,2023,Snow Core,,,,2023 tier list
n3g_ative,84,2023,SITH,,,,2023 tier list
ImperfectJayboss,86,2023,SOL,,,,2023 tier list
soupy_s,84,2023,VAK,,,,2023 tier list
magnetpilot147,86,2026,,,,,Matcha tier list
moooshiimoooshii,86,2026,SURGE,,,,Personal
PatrickAIt,86,2024,RoA,,,,Personal
vqndrx,84,2025,Snow Core,,,,Personal
soupy_s,84,2022,VAK,,,,2022 Summer Games draft
soupy_s,84,2021,,,,,Growth interpolation
DREAMSKELLYMERC,84,2021,,,,,2021 CCL draft
zevtic,84,2021,,,,,2021 CCL draft
ziuosa,84,2022,VAK,,,,2022 Summer Games draft
kevinator,84,2023,SOL,,,,Sol Cup 2023
AidanHLB,84,2023,SOL,,,,Sol Cup 2023
Apocryphae,84,2023,SOL,,,,Sol Cup 2023
stormvayne,84,2023,SOL,,,,Sol Cup 2023
omwtoasty,84,2025,SOL,,,,Sol Cup 2025
Swaagness,84,2025,SOL,,,,Sol Cup 2025
Myronoso,84,2025,SOL,,,,Sol Cup 2025
puregop,84,2025,SOL,,,,Sol Cup 2025
GFRafael,84,2025,SOL,,,,Sol Cup 2025
Drreaamzz,84,2025,SOL,,,,Sol Cup 2025
Oxledus,84,2025,SOL,,,,Sol Cup 2025
chemincal,84,2025,SOL,,,,Sol Cup 2025
Diub,83,2022,VAK,,,,2022 Summer Games draft
drSonata,83,2022,VAK,,,,2022 Summer Games draft
Kante6,83,2022,VAK,,,,2022 Summer Games draft
evj,83,2021,,,,,all-time impact top 100
Satn1x,83,2021,,,,,2021 gun-clanner list
SPENCERSREVENGE,83,2021,,,,,2021 gun-clanner list
XBSIGHTS,83,2021,,,,,all-time impact top 100
benjyful,83,2026,,,,,Matcha tier list
cratje,83,2026,,,,,Matcha tier list
Dahblueman,83,2026,,,,,Matcha tier list
ghostlywhiff,83,2026,,,,,Matcha tier list
goodeatman,83,2026,,,,,Matcha tier list
helpless,83,2026,,,,,Matcha tier list
m_lenia,83,2026,,,,,Matcha tier list
taku,83,2026,,,,,Matcha tier list
thegodofmariokartwii,83,2026,,,,,Matcha tier list
Myronoso,83,2026,,,,,Matcha tier list
0neliner,83,2026,,,,,Personal
dualy2,87,2023,SOL,,,,2023 tier list
Syodize,83,2021,,,,,2021 CCL draft
Oredias,83,2021,,,,,2021 CCL draft
pastvayne,83,2023,SOL,,,,Sol Cup 2023
danson30,83,2023,SOL,,,,Sol Cup 2023
trauma,83,2023,SOL,,,,Sol Cup 2023
yxng_wes,83,2023,SOL,,,,Sol Cup 2023
MoriZakura,83,2025,SOL,,,,Sol Cup 2025
76_71,83,2025,SOL,,,,Sol Cup 2025
JasRevolution,83,2025,SOL,,,,Sol Cup 2025
vqke,83,2025,SOL,,,,Sol Cup 2025
phoaddiction,82,2025,SOL,,,,Personal
crapily,82,2022,VAK,,,,2022 Summer Games draft
evilswag,82,2022,VAK,,,,2022 Summer Games draft
ApexFaMe,82,2021,,,,,Growth interpolation
Kneaz,82,2019,,,,,all-time impact top 100
swugger,82,2019,,,,,all-time impact top 100
Chronem,82,2021,,,,,2021 gun-clanner list
Itaachee,82,2021,,,,,2021 gun-clanner list
KomiiXI,82,2021,,,,,2021 gun-clanner list
no_logic,82,2023,VAK,,,,2023 tier list
bboogahh,82,2026,,,,,Matcha tier list
EVlSI0N,82,2026,,,,,Matcha tier list
phoaddiction,82,2026,,,,,Matcha tier list
pulsebric,82,2026,,,,,Matcha tier list
saventful,82,2026,,,,,Matcha tier list
x_S1gma,82,2026,,,,,Matcha tier list
danson30,82,2022,VAK,Experienced,,,Personal
KakashiMontage,82,2021,,,,,Growth interpolation
blacklights254,82,2021,,,,,2021 CCL draft
Kneaz,82,2021,,,,,2021 CCL draft
unforspace,82,2021,,,,,2021 CCL draft
evilcola,82,2021,,,,,2021 CCL draft
blacklisting,82,2021,,,,,Personal
ciedon,82,2023,SOL,,,,Sol Cup 2023
t_t2535,82,2023,SOL,,,,Sol Cup 2023
fleethawk,82,2023,SOL,,,,Sol Cup 2023
nathan,82,2023,SOL,,,,Sol Cup 2023
Buckape,82,2023,SOL,Experienced,,,Personal
Cowxboy,82,2023,SOL,Experienced,,,Personal
Shockaltar,82,2023,SOL,Experienced,,,Personal
bladevain,82,2025,SOL,,,,Sol Cup 2025
SiegeSquad,82,2025,SOL,,,,Sol Cup 2025
artoriaaz,82,2025,SOL,,,,Sol Cup 2025
64bit56,82,2025,SOL,,,,Sol Cup 2025
Flamedxx,82,2025,SOL,Experienced,,,Personal
taigahsaber,81,2022,VAK,,,,2022 Summer Games draft
soggystrongman11,81,2022,VAK,,,,2022 Summer Games draft
aimalot,81,2022,VAK,,,,2022 Summer Games draft
B4Mercy,81,2022,VAK,,,,2022 Summer Games draft
aimalot,81,2021,,,,,Growth interpolation
actuallyJT,81,2020,VAK,,,,2020 tier list
aimalot,84,2020,VAK,,,,2020 tier list
Ciintrex,81,2020,,,,,2020 tier list
danlam,81,2020,Delta,,,,2020 tier list
DireRedemption,81,2020,Prime,,,,2020 tier list
Doltic,81,2020,CSP,,,,2020 tier list
erikspell,81,2020,VAK,,,,2020 tier list
evj,81,2020,ARCON,,,,2020 tier list
Exemplar,81,2020,VAK,,,,2020 tier list
Fodosnog1029,81,2020,VAK,,,,2020 tier list
grenegublin,81,2020,OP,,,,2020 tier list
i3igman,81,2020,44th,,,,2020 tier list
Iuxcks,81,2020,ARCON,,,,2020 tier list
nif7y,81,2020,OP,,,,2020 tier list
Outlocked,81,2020,CSP,,,,2020 tier list
PowerSoldier,81,2020,ARCON,,,,2020 tier list
Ran502,85,2020,ARCON,,,,2020 CCL stats
S1XLACK,81,2020,VAK,,,,2020 tier list
Septical,81,2020,OP,,,,2020 tier list
Shortwire,81,2020,RSF,,,,2020 tier list
Spellcore,85,2020,WIJ,,,,2020 tier list
steaaIs,81,2020,44th,,,,2020 tier list
Tenebris,81,2020,,,,,2020 tier list
JasRevelation,81,2026,,,,,Matcha tier list
JAG4UR,83,2021,RoA,,,,Personal
crunchbone,80,2026,RoA,,,,Personal
GreenMagician2,81,2021,,,,,2021 CCL draft
Exorunnerr,81,2021,,,,,2021 CCL draft
Septical,81,2021,,,,,Personal
rovic72,81,2023,SOL,,,,Sol Cup 2023
kreayc,81,2023,SOL,,,,Sol Cup 2023
audity,81,2023,SOL,,,,Sol Cup 2023
chiefkeef,81,2023,SOL,,,,Sol Cup 2023
w4nxted,81,2025,SOL,,,,Sol Cup 2025
Jalahto,81,2025,SOL,,,,Sol Cup 2025
load8d,81,2025,SOL,,,,Sol Cup 2025
vndawn,81,2025,SOL,,,,Sol Cup 2025
mou123_jjj,81,2025,SOL,,,,Sol Cup 2025
SaraiReaper,81,2025,SOL,,,,Sol Cup 2025
Scavoh,81,2025,SOL,,,,Sol Cup 2025
F_OR2NA,81,2025,SOL,,,,Sol Cup 2025
Matchaxon,80,2021,,,,,2021 gun-clanner list
mohxy,80,2020,,,,,2020 tier list
danlam,80,2021,,,,,all-time impact top 100
KnightOkami,80,2021,,,,,2021 gun-clanner list
notfalsh56,80,2021,,,,,2021 gun-clanner list
sybr,88,2021,,,,,all-time impact top 100
sybr,90,2023,,,,,
Spellcore,85,2023,OP,,,,2023 tier list
Swaagness,85,2023,Snow Core,,,,2023 tier list
c_oastr,80,2026,,,,,Matcha tier list
chaeworthh,80,2026,,,,,Matcha tier list
chaeworthh,85,2023,,,,,
DREAMSKELLYKIRK,80,2026,,,,,Matcha tier list
fearwove,80,2026,,,,,Matcha tier list
Friendly_Panda,80,2026,,,,,Matcha tier list
honouryofhonours,80,2026,,,,,Matcha tier list
hyd_ruh,80,2026,,,,,Matcha tier list
lalo13113,80,2026,,,,,Matcha tier list
roidboy9,80,2026,,,,,Matcha tier list
SaraiReaper,82,2026,VAK,,,,Matcha tier list
shockheIpers,80,2026,,,,,Matcha tier list
sp_artan,80,2026,,,,,Matcha tier list
takifys,80,2026,,,,,Matcha tier list
Zenstatic,80,2026,,,,,Matcha tier list
infamuhz,80,2026,,,,,Matcha tier list
scilz,80,2021,,,,,all-time impact top 100
brizingers,89,2018,,,,,all-time impact top 100
obeyence,85,2022,VAK,,,,Personal
imaginestad,80,2021,,,,,Growth interpolation
rad_6a,80,2021,,,,,Personal
sentmeister,80,2021,,,,,2021 CCL draft
HVAX,80,2021,,,,,2021 CCL draft
TzuyusBiggestFan,80,2021,,,,,2021 CCL draft
xaiorantt,80,2021,,,,,2021 CCL draft
berryboptart,80,2021,,,,,Personal
s2n_phino,80,2021,,,,,Personal
crash6474,80,2021,,,,,Personal
Shortnize,80,2020,CSP,,,,Personal
FeatherRedemption,80,2020,Prime,,,,2020 tier list
cakeosityz,80,2023,SOL,,,,Sol Cup 2023
scxxar556,80,2023,SOL,,,,Sol Cup 2023
khritus,80,2023,SOL,,,,Sol Cup 2023
makomami,80,2023,SOL,,,,Sol Cup 2023
Doltic,80,2023,SOL,Experienced,,,Personal
chf,80,2025,SOL,,,,Sol Cup 2025
EatSleepOrdana,80,2025,SOL,,,,Sol Cup 2025
RangerRoysReturn,80,2025,SOL,,,,Sol Cup 2025
MuzzOnValorant,80,2025,SOL,,,,Sol Cup 2025
scxxar556,80,2025,SOL,Experienced,,,Personal
FreedomReaper,79,2022,VAK,,,,2022 Summer Games draft
Rob_ns,79,2022,VAK,,,,2022 Summer Games draft
aspirrant,79,2022,VAK,,,,2022 Summer Games draft
deadlyful,79,2022,VAK,,,,2022 Summer Games draft
highlyy,79,2022,VAK,,,,2022 Summer Games draft
Centurlons,79,2026,,,,,Matcha tier list
Cleave,79,2021,,,,,all-time impact top 100
huskedcoconut,81,2026,RoA,,,,Personal
Selectrr,79,2020,RSF,,,,2020 tier list
DarkActuality,79,2021,,,,,2021 CCL draft
NoClique,79,2021,,,,,2021 CCL draft
Gimmiq,79,2021,,,,,2021 CCL draft
LONGLIVESWAGCION,79,2021,,,,,2021 CCL draft
Hoolay,79,2021,,,,,2021 CCL draft
Doltic,79,2021,,,,,2021 CCL draft
onestrive,79,2023,SOL,,,,Sol Cup 2023
duelsight,79,2023,SOL,,,,Sol Cup 2023
strix,79,2023,SOL,,,,Sol Cup 2023
Ukiyiue,79,2023,SOL,,,,Sol Cup 2023
hebis,79,2025,SOL,,,,Sol Cup 2025
creamsxf,79,2025,SOL,,,,Sol Cup 2025
bigoptics,79,2025,SOL,,,,Sol Cup 2025
LONEGODKING,79,2025,SOL,,,,Sol Cup 2025
Heo1000,79,2025,SOL,Experienced,,,Personal
Khayso,78,2022,VAK,,,,2022 Summer Games draft
TALL3R,78,2022,VAK,,,,2022 Summer Games draft
Racer_Delta,78,2022,VAK,,,,2022 Summer Games draft
DallasIX,78,2020,,,,,all-time impact top 100
FCBDev,78,2021,,,,,2021 gun-clanner list
f_reakmaster,78,2026,RoA,,,,
stynxz,78,2022,VAK,,,,2022 Summer Games draft
vast2002,78,2022,VAK,,,,2022 Summer Games draft
faster2345,78,2022,VAK,,,,Personal
B4Mercy,78,2021,,,,,Growth interpolation
DallasIX,78,2021,,,,,2021 CCL draft
Isxaiah,78,2021,,,,,2021 CCL draft
crxucify,82,2021,,,,,2021 CCL draft
gloryaims,78,2023,SOL,,,,Sol Cup 2023
pengu,78,2023,SOL,,,,Sol Cup 2023
Mydrek,78,2023,SOL,,,,Sol Cup 2023
villainfein,78,2025,SOL,,,,Sol Cup 2025
hailmario,78,2025,SOL,,,,Sol Cup 2025
dxreaddd,78,2025,SOL,,,,Sol Cup 2025
FlawlessOSKO,78,2025,SOL,,,,Sol Cup 2025
racvk,77,2021,,,,,2021 CCL draft
KEVSTAD,77,2021,,,,,2021 CCL draft
cartihasadurag,77,2021,,,,,2021 CCL draft
Dahblueman,82,2022,VAK,,,,2022 Summer Games draft
Rob_ns,77,2021,,,,,Growth interpolation
ActualOps,77,2020,VAK,,,,2020 tier list
ApexFaMe,77,2020,VAK,,,,2020 tier list
Banspell,77,2020,VAK,,,,2020 tier list
Banvax,77,2020,OP,,,,2020 tier list
bottomfragg3r,77,2020,44th,,,,2020 tier list
Buckape,77,2020,ARCON,,,,2020 tier list
BulletIV,77,2020,44th,,,,2020 tier list
destrono,77,2020,S9,,,,2020 tier list
Destroyer18111,77,2020,VAK,,,,2020 tier list
dylanzy,77,2020,VAK,,,,2020 tier list
Exorunner,77,2020,,,,,2020 tier list
Jerehly,77,2020,CSP,,,,2020 tier list
Jpekvv,77,2020,Prime?,,,,2020 tier list
Kneaz,77,2020,VAK,,,,2020 tier list
manqo,77,2020,RSF,,,,2020 tier list
Onespell,77,2020,VAK,,,,2020 tier list
platixah,84,2020,S9,,,,2020 tier list
Rizicks,88,2020,S9,,,,2020 tier list
Versace,77,2020,RSF,,,,2020 tier list
Xalorant,77,2020,S9,,,,2020 tier list
Crytioneon,77,2021,,,,,2021 gun-clanner list
aesenq,77,2026,,,,,Matcha tier list
Aphnology,77,2026,,,,,Matcha tier list
DireRedemption,77,2026,,,,,Matcha tier list
Exosvh,77,2026,,,,,Matcha tier list
MatchaRevolution,77,2026,AC,,,,Matcha tier list
Ronentide,77,2026,,,,,Matcha tier list
VT_saber,77,2026,,,,,Personal
ReachSavior,77,2022,VAK,,,,2022 Summer Games draft
Rezvop,77,2022,VAK,,,,2022 Summer Games draft
highlyy,77,2021,,,,,Growth interpolation
NBA2kFortnite,77,2022,VAK,,,,2022 Summer Games draft
ScrewCharlie,77,2022,VAK,,,,2022 Summer Games draft
vas_ts,77,2022,VAK,,,,2022 Summer Games draft
Bevoc,77,2021,,,,,2021 CCL draft
pyte,77,2021,,,,,2021 CCL draft
Vearoe,77,2021,,,,,2021 CCL draft
evol7g,77,2021,,,,,2021 CCL draft
Trippystad,77,2021,,,,,2021 CCL draft
enzyum,77,2021,,,,,2021 CCL draft
Jpekvx,77,2021,,,,,2021 CCL draft
benjabase,77,2024,,,,,Submission
cerbinary,77,2023,SOL,,,,Sol Cup 2023
jex,77,2023,SOL,,,,Sol Cup 2023
desoleum,77,2023,SOL,,,,Sol Cup 2023
ZANSHIN,77,2023,SOL,,,,Sol Cup 2023
RushAiot,77,2025,SOL,,,,Sol Cup 2025
vairiue,77,2025,SOL,,,,Sol Cup 2025
Un_lt,77,2025,SOL,,,,Sol Cup 2025
CorgiFlopper,77,2025,SOL,,,,Sol Cup 2025
drazmor,77,2025,SOL,,,,Sol Cup 2025
HybridCannon,77,2025,SOL,,,,Sol Cup 2025
duospell,77,2025,SOL,,,,Sol Cup 2025
dawglocks,77,2025,SOL,,,,Sol Cup 2025
stynxz,77,2025,SOL,Experienced,,,Personal
SCAHRFACE,76,2021,,,,,2021 CCL draft
gr4bner,76,2021,,,,,2021 CCL draft
iTzFunny,76,2021,,,,,2021 CCL draft
Sidees,76,2021,,,,,2021 CCL draft
Takayuhki,76,2021,,,,,2021 CCL draft
V1nvoc,76,2021,,,,,2021 CCL draft
notnko,76,2021,,,,,2021 CCL draft
dexyspace,76,2021,,,,,2021 CCL draft
Gloryfixation,76,2021,,,,,2021 CCL draft
Laedere,76,2021,,,,,2021 CCL draft
aspirrant,76,2021,,,,,2021 CCL draft
SevMagnius,76,2021,,,,,2021 CCL draft
twilstal,76,2021,,,,,2021 CCL draft
destrono,76,2021,,,,,2021 CCL draft
vaek,76,2021,,,,,2021 CCL draft
CrylixBIoom,76,2021,,,,,2021 CCL draft
steaaIs,76,2021,,,,,2021 CCL draft
Eriksen,76,2020,,,,,all-time impact top 100
eppyagyeman10,76,2021,,,,,2021 gun-clanner list
GS_Dubble,76,2021,,,,,2021 gun-clanner list
ScrewCharlie,76,2021,,,,,all-time impact top 100
YesssRyan,76,2021,,,,,2021 gun-clanner list
Vacutome,76,2022,VAK,,,,Personal
Racer_Delta,76,2021,,,,,Growth interpolation
DoctorKhel,76,2022,VAK,,,,2022 Summer Games draft
KakashiMontage,76,2022,VAK,,,,2022 Summer Games draft
cowashiro,76,2022,VAK,,,,2022 Summer Games draft
lucraz,82,2022,VAK,,,,2022 Summer Games draft
onyxrealm,76,2022,VAK,,,,2022 Summer Games draft
ere7,76,2022,VAK,,,,2022 Summer Games draft
SOA_spectre,76,2022,VAK,,,,2022 Summer Games draft
Drainzeebe,76,2022,VAK,,,,2022 Summer Games draft
cannneddog,76,2022,VAK,,,,2022 Summer Games draft
Hugo_Nuts,76,2021,,,,,2021 CCL draft
palmgrip,76,2023,SOL,,,,Sol Cup 2023
imperiummydrek,76,2023,SOL,,,,Sol Cup 2023
deafsteal,76,2023,SOL,,,,Sol Cup 2023
Logan,76,2023,SOL,,,,Sol Cup 2023
deputykills,76,2025,SOL,,,,Sol Cup 2025
bunnyypls,76,2025,SOL,,,,Sol Cup 2025
Erutais,76,2025,SOL,,,,Sol Cup 2025
DivinityShatters,76,2025,SOL,,,,Sol Cup 2025
RubyGrPT,75,2021,,,,,2021 CCL draft
vsoqs,75,2021,,,,,2021 CCL draft
revanspell,75,2021,,,,,2021 CCL draft
TALL3R,75,2021,,,,,2021 CCL draft
LoyalReaper,75,2021,,,,,2021 CCL draft
celestlalrogue,75,2021,,,,,2021 CCL draft
taigahsaber,75,2021,,,,,2021 CCL draft
RAZ2LEDAZ2LES,75,2021,,,,,2021 CCL draft
AidanHLB,75,2021,,,,,2021 CCL draft
S_weddie,75,2021,,,,,2021 CCL draft
anthshiro,75,2021,,,,,2021 CCL draft
saekouh,75,2021,,,,,2021 CCL draft
makomami,75,2021,,,,,2021 CCL draft
Evilon1y,75,2021,,,,,2021 CCL draft
armored79,75,2021,,,,,2021 CCL draft
akenosurf,75,2021,,,,,2021 CCL draft
Desolade,75,2021,,,,,2021 CCL draft
Speeeewn,75,2021,,,,,2021 CCL draft
Clxsh,75,2021,,,,,2021 CCL draft
EnviroReaper,75,2021,,,,,2021 CCL draft
Outlocked,75,2021,,,,,2021 CCL draft
TurtleQC,75,2021,,,,,2021 CCL draft
v_0qry,75,2021,,,,,2021 CCL draft
jamall,75,2021,,,,,2021 CCL draft
AbnormalyYaeger,75,2021,,,,,2021 CCL draft
Isodore,75,2021,,,,,2021 CCL draft
DrewCypher,75,2021,,,,,2021 CCL draft
GHOSTTFUL,75,2021,,,,,2021 CCL draft
vilesynth,82,2021,,,,,2021 CCL draft
Knightborne,75,2021,,,,,2021 CCL draft
nflhero,75,2021,,,,,2021 CCL draft
HorusThorn,75,2021,,,,,2021 CCL draft
EL_PREZZ,75,2021,,,,,2021 CCL draft
Valoured,75,2021,,,,,2021 CCL draft
MAM_BAH,75,2021,,,,,2021 CCL draft
GODMODEVAPOR,75,2021,,,,,2021 CCL draft
Bimpar,75,2021,,,,,2021 CCL draft
Aritional,75,2019,,,,,all-time impact top 100
Govand,75,2019,,,,,all-time impact top 100
6litcher,75,2021,,,,,2021 gun-clanner list
cf0921,75,2023,RoR,,,,2023 tier list
lucraz,89,2023,WIJ,,,,2023 tier list
NoAimLoser4,75,2023,SOL,,,,2023 tier list
SaiyanOnyx,75,2023,VAK,,,,2023 tier list
topfloorboss,75,2023,SOL,,,,2023 tier list
Bqttles,75,2026,,,,,Personal
Spartandownload,75,2021,DS,,,,
ere7,75,2021,,,,,Growth interpolation
brizingers,80,2022,VAK,,,,2022 Summer Games draft
LQC,75,2022,VAK,,,,2022 Summer Games draft
Azukarn,75,2022,VAK,,,,2022 Summer Games draft
relorse,75,2022,VAK,,,,2022 Summer Games draft
gr4bner,75,2022,VAK,,,,2022 Summer Games draft
Shokuhuo,75,2022,VAK,,,,2022 Summer Games draft
Actraz,75,2022,VAK,,,,2022 Summer Games draft
SALVLN,75,2022,VAK,,,,2022 Summer Games draft
hiversy,75,2022,VAK,,,,2022 Summer Games draft
RangerRoysReturn,75,2021,,,,,2021 CCL draft
Avendail,75,2021,,,,,2021 CCL draft
wets_n,75,2021,,,,,2021 CCL draft
Bobonasir,75,2021,,,,,2021 CCL draft
Ohhlcy,75,2021,,,,,2021 CCL draft
sebaku,75,2021,,,,,2021 CCL draft
JoebertJohnson,75,2021,,,,,2021 CCL draft
KittyyFaMe,75,2021,,,,,2021 CCL draft
rekvz,75,2021,,,,,2021 CCL draft
Kazetagi,75,2021,,,,,2021 CCL draft
trulybelle,75,2021,,,,,2021 CCL draft
xaitons,75,2021,,,,,2021 CCL draft
ssported,75,2021,,,,,2021 CCL draft
h_rmonic,75,2021,,,,,2021 CCL draft
rexr_x,75,2021,,,,,2021 CCL draft
Deathonis,75,2021,,,,,2021 CCL draft
GLIMPSE,75,2021,,,,,2021 CCL draft
xSimSights,75,2021,,,,,2021 CCL draft
sammyspell,75,2021,,,,,2021 CCL draft
envyyz,75,2021,,,,,2021 CCL draft
Tomon1y,75,2021,,,,,2021 CCL draft
Xyroux,75,2021,,,,,2021 CCL draft
bedioc,75,2021,,,,,2021 CCL draft
visualcqc,75,2021,,,,,2021 CCL draft
Fruity_Nuts,75,2021,,,,,2021 CCL draft
Valkyrianz,75,2021,,,,,2021 CCL draft
LUNAST4D,75,2021,,,,,2021 CCL draft
voxodus,75,2021,,,,,2021 CCL draft
ju_nll,75,2021,,,,,2021 CCL draft
evll2e,75,2021,,,,,2021 CCL draft
DestinedEnd,75,2021,,,,,2021 CCL draft
cynicalxva,75,2021,,,,,2021 CCL draft
Swaagify,75,2021,,,,,2021 CCL draft
deezman44,75,2021,,,,,2021 CCL draft
icyyrogue,75,2021,,,,,2021 CCL draft
bladesaber,75,2021,,,,,2021 CCL draft
asunnoo,75,2021,,,,,2021 CCL draft
MamuClique,75,2021,,,,,2021 CCL draft
Waxer222,75,2021,,,,,2021 CCL draft
stavcks,75,2021,,,,,2021 CCL draft
crimzoh,75,2023,SOL,,,,Sol Cup 2023
rcl_bad,75,2023,SOL,,,,Sol Cup 2023
baloke10,75,2023,SOL,,,,Sol Cup 2023
Carnaevor,75,2023,SOL,,,,Sol Cup 2023
MAITRELIVI,75,2025,SOL,,,,Sol Cup 2025
Friendly_Panda,75,2025,SOL,,,,Sol Cup 2025
HalfCajun,75,2025,SOL,,,,Sol Cup 2025
SebbxCore,75,2025,SOL,,,,Sol Cup 2025
0xvv,74,2020,TNI:C,,,,2020 tier list
Andrezspanish,74,2020,44th,,,,2020 tier list
Atreus_Raverus,74,2020,ARCON,,,,2020 tier list
b4Mercy,74,2020,SOCOM,,,,2020 tier list
Biotidal,74,2020,44th,,,,2020 tier list
Blackovian,74,2020,,,,,2020 tier list
Candystad,74,2020,TRA,,,,2020 tier list
conrpg,74,2020,,,,,2020 tier list
crxucify,82,2020,VAK,,,,2020 tier list
Diub,74,2020,,,,,2020 tier list
eppyagyeman10,74,2020,VAL,,,,2020 tier list
Ere7,74,2020,VAK,,,,2020 tier list
exkeon,74,2020,VAL,,,,2020 tier list
FluffyAtor,74,2020,Prime,,,,2020 tier list
FrankMachiavelli,74,2020,delta,,,,2020 tier list
G2_Bobo,74,2020,ARCON,,,,2020 tier list
G2_xy,74,2020,,,,,2020 tier list
Goldyah,74,2020,Prime,,,,2020 tier list
HanoClique,88,2020,,,,,2020 tier list
highlyy,74,2020,Prime,,,,2020 tier list
HowToEatRice,74,2020,VAL,,,,2020 tier list
imaginestad,74,2020,44th,,,,2020 tier list
Kaptaxn,74,2020,UoA,,,,2020 tier list
kevinator,74,2020,,,,,2020 tier list
Kinjaz,74,2020,Prime,,,,2020 tier list
Knightborne,74,2020,CSP,,,,2020 tier list
Luxestrive,74,2020,CSP,,,,2020 tier list
MeliRedemption,74,2020,Prime,,,,2020 tier list
MyxRemeption,74,2020,Prime,,,,2020 tier list
navyspell,74,2020,44th,,,,2020 tier list
NS_Dream,74,2020,44th,,,,2020 tier list
racer_delta,74,2020,VAK,,,,2020 tier list
Recontrack,74,2020,RSF,,,,2020 tier list
Rob_ns,74,2020,VAK,,,,2020 tier list
Taller,74,2020,VAK,,,,2020 tier list
Tenshi,74,2020,OP,,,,2020 tier list
Tkarhski,74,2020,TNIC,,,,2020 tier list
Trippystad,74,2020,ARCON,,,,2020 tier list
Trixxy,74,2020,VAK,,,,2020 tier list
Unfortunat_ly,74,2020,,,,,2020 tier list
Vearoe,74,2020,VAK,,,,2020 tier list
Veluct,74,2020,,,,,2020 tier list
VisualSights,74,2020,WIJ,,,,2020 tier list
w3Icometobloxburg,74,2020,44th,,,,2020 tier list
Emmetbrickowski832,74,2021,,,,,all-time impact top 100
mohxy,74,2021,,,,,all-time impact top 100
bedsteasd,74,2026,,,,,Matcha tier list
docenz,74,2026,,,,,Matcha tier list
FeatherRedemption,74,2026,,,,,Matcha tier list
GeneralKarn,74,2026,,,,,Matcha tier list
philong103,74,2026,,,,,Matcha tier list
Kryex,85,2021,,,,,all-time impact top 100
surgeiano,73,2018,,,,,all-time impact top 100
Diub,73,2021,,,,,all-time impact top 100
kielthenoob,73,2026,RoA,,,,Personal
Rep_lsive,73,2023,RoA,,,,Personal
slimesight,73,2026,SURGE,,,,Submission
Khayso,73,2021,,,,,Growth interpolation
toosliq,72,2019,,,,,all-time impact top 100
TabooZapNuka,72,2020,,,,,all-time impact top 100
Dadvop,72,2021,,,,,2021 gun-clanner list
mollywhopped,72,2021,,,,,all-time impact top 100
bombpacts,72,2019,,,,,all-time impact top 100
Destroyer97,71,2018,,,,,all-time impact top 100
101Carti,71,2020,,,,,2020 tier list
Acindul,71,2020,,,,,2020 tier list
Cvbop,71,2020,,,,,2020 tier list
Evilkevo,71,2020,,,,,2020 tier list
Jak_kes,71,2020,,,,,2020 tier list
Kamu_I,71,2020,,,,,2020 tier list
LastTopian,71,2020,,,,,2020 tier list
Levitae,71,2020,,,,,2020 tier list
Mollywhooped,71,2020,VAL,,,,2020 tier list
p4tri0t,71,2020,,,,,2020 tier list
PurpleMicro,71,2020,RSF,,,,2020 tier list
Rotmxz,71,2020,,,,,2020 tier list
RushAiot,71,2020,,,,,2020 tier list
sp_artan,71,2020,Prime,,,,2020 tier list
Vanixus,71,2020,,,,,2020 tier list
Zkarex,71,2020,,,,,2020 tier list
NiteOwlFac,71,2016,,,,,all-time impact top 100
Allyrion,71,2020,,,,,2020 tier list
Laedere,71,2016,,,,,all-time impact top 100
a_cemaster,70,2026,RoA,,,,Personal
OpticIllusion101,70,2016,,,,,all-time impact top 100
parasights,70,2016,,,,,all-time impact top 100
BeanithBomber,70,2017,,,,,all-time impact top 100
Foxxism,72,2026,VAK,,,,Matcha tier list
frogfrog5,70,2021,,,,,Personal
EnterScreenName,69,2017,,,,,all-time impact top 100
vGrayboy,73,2026,VAK,,,,Matcha tier list
Shatteroni,68,2017,,,,,all-time impact top 100
Unfortunately,68,2020,,,,,all-time impact top 100
rystanvx,68,2021,,,,,2021 gun-clanner list
YungsterBeetleJuice,68,2021,,,,,2021 gun-clanner list
lordtyler,67,2017,,,,,all-time impact top 100
omni,67,2017,,,,,all-time impact top 100
Khayso,67,2020,,,,,all-time impact top 100
Lagqy,67,2020,,,,,2020 tier list
Saberspell,67,2020,,,,,2020 tier list
CaptainHamster387,67,2026,,,,,Matcha tier list
dawid2177,67,2026,,,,,Matcha tier list
roidboy8,67,2026,,,,,Matcha tier list
LucifersValor,67,2026,,,,,
outbck,66,2021,,,,,2021 gun-clanner list
sportsfan0719,65,2023,,,,,
yurk_xe,58,2026,BW,,,,Matcha tier list
KeisukeHiraga,57,2026,UCR,,,,Submission
AmazoXII,57,2026,,,,,
waycheder,92,2024,,,,,
jessdownload,94,2022,,,,,
alexthai,90,2022,,,,,
Br_ce,93,2020,,,,,2020 CCL stats
sybr,92,2020,,,,,2020 CCL stats
kiritobriz,91,2020,,,,,2020 CCL stats
Commando_Lemon,91,2020,,,,,2020 CCL stats
surgeiano,90,2020,,,,,2020 CCL stats
xbsightsss,90,2020,,,,,2020 CCL stats
daeshH,89,2020,,,,,2020 CCL stats
EnterScreenName,89,2020,,,,,2020 CCL stats
Hoolay,88,2020,,,,,2020 CCL stats
Memeserii,88,2020,,,,,2020 CCL stats
restlesspell,88,2020,,,,,2020 CCL stats
realotsxi,87,2020,,,,,2020 CCL stats
overlayed,87,2020,,,,,2020 CCL stats
Gageeees,87,2020,,,,,2020 CCL stats
bombpact,86,2020,,,,,2020 CCL stats
notceps,85,2020,,,,,2020 CCL stats
Sidees,87,2020,,,,,2020 CCL stats
PiIoteer,85,,,,,,Personal
Commando_Jesus,92,2022,OP,,,,haypro top 30
draintic,96,2022,Sol,,,,haypro top 30
EnigmaPenguin,97,2015,,,,,haypro top 30
EnigmaPenguin,94,2022,OP,,,,haypro top 30
evilsworn,96,2022,Sol,,,,haypro top 30
gard1bas,96,2022,EU,,,,haypro top 30
m_jor,96,2022,,,,,haypro top 30
oditty,96,2022,OP,,,,haypro top 30
c4spian,94,2022,VAK,,,,haypro top 30
JAWS,94,2022,Sol,,,,haypro top 30
Ran502,94,2022,Sol,,,,haypro top 30
12ekt,92,2022,Sol,,,,haypro top 30
chalst,92,2022,Frigid,,,,haypro top 30
J_tson,92,2022,OP,,,,haypro top 30
TORMENT_X,92,2022,OP,,,,haypro top 30
Avaitron,92,2022,VAK,,,,haypro top 30
Gupp_r,90,2022,CSP,,,,haypro top 30
vAbcelon,90,2022,VAK,,,,haypro top 30
halstad,89,2022,WIJ,,,,haypro top 30
Pryxis,89,2022,ARCON,,,,haypro top 30
Sofapoppin,89,2022,VAK,,,,haypro top 30
prayalott,75,2024,SURGE,,,,Submission
draintic,96,2024,SOL,,,,SOL Summer 2024
c4spian,90,2024,SOL,,,,SOL Summer 2024
Dahblueman,85,2024,SOL,,,,SOL Summer 2024
danlam,93,2024,SOL,,,,SOL Summer 2024
12ekt,91,2024,SOL,,,,SOL Summer 2024
evj,90,2024,SOL,,,,SOL Summer 2024
turilio,90,2024,SOL,,,,SOL Summer 2024
dreaddfuI,93,2024,SOL,,,,SOL Summer 2024
thegodofmariokartwii,89,2024,SOL,,,,SOL Summer 2024
dxqip,90,2024,SOL,,,,SOL Summer 2024
ImperfectJayboss,88,2024,SOL,,,,SOL Summer 2024
khritus,88,2024,SOL,,,,SOL Summer 2024
V_iridian,88,2024,SOL,,,,SOL Summer 2024
p_ams,88,2024,SOL,,,,SOL Summer 2024
mentalmonkeydream,88,2024,SOL,,,,SOL Summer 2024
wrystt,88,2024,SOL,,,,SOL Summer 2024
sightscore,88,2024,SOL,,,,SOL Summer 2024
vilesynth,87,2024,SOL,,,,SOL Summer 2024
Apocryphae,87,2024,SOL,,,,SOL Summer 2024
jexesh,87,2024,SOL,,,,SOL Summer 2024
Jesxaiah,87,2024,SOL,,,,SOL Summer 2024
NEWLIAM1,87,2024,SOL,,,,SOL Summer 2024
crxucify,86,2024,SOL,,,,SOL Summer 2024
Vyprahul,86,2024,SOL,,,,SOL Summer 2024
pyxroo,86,2024,SOL,,,,SOL Summer 2024
whouki,86,2024,SOL,,,,SOL Summer 2024
s2n_phino,89,2024,SOL,,,,SOL Summer 2024
mortflare,86,2024,SOL,,,,SOL Summer 2024
omwghostly,85,2024,SOL,,,,SOL Summer 2024
GFRafael,85,2024,SOL,,,,SOL Summer 2024
Flamedxx,85,2024,SOL,,,,SOL Summer 2024
underive,85,2024,SOL,,,,SOL Summer 2024
XBSIGHTS,85,2024,SOL,,,,SOL Summer 2024
BawkiAlt,85,2024,SOL,,,,SOL Summer 2024
kreayshawn10,85,2024,SOL,,,,SOL Summer 2024
xSiege,85,2024,SOL,,,,SOL Summer 2024
Myronoso,85,2024,SOL,,,,SOL Summer 2024
pdualy,85,2024,SOL,,,,SOL Summer 2024
C9_Diamond,85,2024,SOL,,,,SOL Summer 2024
St8vey,84,2024,SOL,,,,SOL Summer 2024
PHANTOM9THMAN,84,2024,SOL,,,,SOL Summer 2024
v2nillaa,84,2024,SOL,,,,SOL Summer 2024
Insvrgency,84,2024,SOL,,,,SOL Summer 2024
sketchysnake422,85,2024,SOL,,,,SOL Summer 2024
cakeosityz,85,2024,SOL,,,,SOL Summer 2024
nolimitsaint,84,2024,SOL,,,,SOL Summer 2024
damejulio1942,84,2024,SOL,,,,SOL Summer 2024
youngcion,84,2024,SOL,,,,SOL Summer 2024
Shockaltar,84,2024,SOL,,,,SOL Summer 2024
Jalahto,84,2024,SOL,,,,SOL Summer 2024
outclaim,84,2024,SOL,,,,SOL Summer 2024
makomami,84,2024,SOL,,,,SOL Summer 2024
EastSideCryt,83,2024,SOL,,,,SOL Summer 2024
sevillano8,84,2024,SOL,,,,SOL Summer 2024
FeatherRedemption,84,2024,SOL,,,,SOL Summer 2024
Colonelpwn2,84,2024,SOL,,,,SOL Summer 2024
Handsam35,84,2024,SOL,,,,SOL Summer 2024
Scavoh,84,2024,SOL,,,,SOL Summer 2024
HybridCannon,83,2024,SOL,,,,SOL Summer 2024
iiEmxrld,83,2024,SOL,,,,SOL Summer 2024
AidanHLB,83,2024,SOL,,,,SOL Summer 2024
no2roman,83,2024,SOL,,,,SOL Summer 2024
s2anu,83,2024,SOL,,,,SOL Summer 2024
RangerRoysReturn,83,2024,SOL,,,,SOL Summer 2024
thugshaker_loaded,83,2024,SOL,,,,SOL Summer 2024
Drreaamzz,83,2024,SOL,,,,SOL Summer 2024
ak6maa,83,2024,SOL,,,,SOL Summer 2024
B1GMOP,79,2024,SOL,,,,SOL Summer 2024
scxxar556,83,2024,SOL,,,,SOL Summer 2024
GorillaStriker,82,2024,SOL,,,,SOL Summer 2024
sat5806,77,2026,Astora,,,,
Latedownload,96,2026,VAK,,,,VCL 2026
m_jor,93,2026,VAK,,,,VCL 2026
hecactia,93,2026,VAK,,,,VCL 2026
shaquillee,92,2026,VAK,,,,VCL 2026
C_talyst,92,2026,VAK,,,,VCL 2026
faxyst,91,2026,VAK,,,,VCL 2026
fireschoolbus1,91,2026,VAK,,,,VCL 2026
notaprob1em,90,2026,VAK,,,,VCL 2026
Kneaz,90,2026,VAK,,,,VCL 2026
FreedomReaper,89,2026,VAK,,,,VCL 2026
no_logic,89,2026,VAK,,,,VCL 2026
Shinsire,87,2026,VAK,,,,VCL 2026
evolclap,87,2026,VAK,,,,VCL 2026
highlyy,86,2026,VAK,,,,VCL 2026
crapily,86,2026,VAK,,,,VCL 2026
nqthcn,86,2026,VAK,,,,VCL 2026
cheatxtc,85,2026,VAK,,,,VCL 2026
stintsu,85,2026,VAK,,,,VCL 2026
evanvictorjames,85,2026,VAK,,,,VCL 2026
theslayerofdoom,85,2026,VAK,,,,VCL 2026
n3elo,84,2026,VAK,,,,VCL 2026
The54Chevy,84,2026,VAK,,,,VCL 2026
Int0ner,84,2026,VAK,,,,VCL 2026
steaals,84,2026,VAK,,,,VCL 2026
LoyalReaper,84,2026,VAK,,,,VCL 2026
Kante6,84,2026,VAK,,,,VCL 2026
ApexFaMe,84,2026,VAK,,,,VCL 2026
platixah,84,2026,VAK,,,,VCL 2026
jimmyrogue,83,2026,VAK,,,,VCL 2026
SenorMexico,83,2026,VAK,,,,VCL 2026
Khayso,83,2026,VAK,,,,VCL 2026
taigahsaber,83,2026,VAK,,,,VCL 2026
nitrostyx,83,2026,VAK,,,,VCL 2026
PureNoble,83,2026,VAK,,,,VCL 2026
Volitiie,83,2026,VAK,,,,VCL 2026
Hashbroom,83,2026,VAK,,,,VCL 2026
restlessns,83,2026,VAK,,,,VCL 2026
trueywon,82,2026,VAK,,,,VCL 2026
zeustage,82,2026,VAK,,,,VCL 2026
ImageMaterial,82,2026,VAK,,,,VCL 2026
yylchris,82,2026,VAK,,,,VCL 2026
ryanhero,82,2026,VAK,,,,VCL 2026
hiversy,82,2026,VAK,,,,VCL 2026
alphapacts,82,2026,VAK,,,,VCL 2026
wincountrr,82,2026,VAK,,,,VCL 2026
wrichest,82,2026,VAK,,,,VCL 2026
101Uzi,82,2026,VAK,,,,VCL 2026
olympiaans,82,2026,VAK,,,,VCL 2026
reaganbeam,82,2026,VAK,,,,VCL 2026
moosee,82,2026,VAK,,,,VCL 2026
annonfx,82,2026,VAK,,,,VCL 2026
bodypacts,82,2026,VAK,,,,VCL 2026
Crom5STAR,82,2026,VAK,,,,VCL 2026
Serenspanish,82,2026,VAK,,,,VCL 2026
Kreoclique,82,2026,VAK,,,,VCL 2026
Amplifyrr,82,2026,VAK,,,,VCL 2026
carpetscx,81,2026,VAK,,,,VCL 2026
LISTRIC,81,2026,VAK,,,,VCL 2026
samz1ane,81,2026,VAK,,,,VCL 2026
Hexuol,81,2026,VAK,,,,VCL 2026
AzurlifiedTyrone,81,2026,VAK,,,,VCL 2026
Racer_Delta,81,2026,VAK,,,,VCL 2026
MitsuhaMi_yamizu,81,2026,VAK,,,,VCL 2026
tgbric,81,2026,VAK,,,,VCL 2026
KilkaReign,81,2026,VAK,,,,VCL 2026
Jellith,81,2026,VAK,,,,VCL 2026
GunPumped,81,2026,VAK,,,,VCL 2026
Vaiitron,81,2026,VAK,,,,VCL 2026
idenlsfs,81,2026,VAK,,,,VCL 2026
w2rrant,81,2026,VAK,,,,VCL 2026
msr00709,81,2026,VAK,,,,VCL 2026
DeimosXVII,80,2026,VAK,,,,VCL 2026
Shibiya2k,80,2026,VAK,,,,VCL 2026
kuurb,80,2026,VAK,,,,VCL 2026
ScrewCharlie,80,2026,VAK,,,,VCL 2026
Drawable,80,2026,VAK,,,,VCL 2026
tsuhirol,79,2026,VAK,,,,VCL 2026
Kryex,79,2026,VAK,,,,VCL 2026
EastSideOscarV,78,2026,VAK,,,,VCL 2026
Stips2000,78,2026,VAK,,,,VCL 2026
eman0908,78,2026,VAK,,,,VCL 2026
Kaisryn,78,2026,VAK,,,,VCL 2026
jxck345,78,2026,VAK,,,,VCL 2026
Aegians,77,2026,VAK,,,,VCL 2026
euricys,77,2026,VAK,,,,VCL 2026
AxzCypher,77,2026,VAK,,,,VCL 2026
SinRival_Octa,77,2026,VAK,,,,VCL 2026
ItsWhirr,77,2026,VAK,,,,VCL 2026
eularfan0719,76,2026,VAK,,,,VCL 2026
sportsfan0719,76,2026,VAK,,,,VCL 2026
opulo,76,2026,VAK,,,,VCL 2026
lilpoketto,76,2026,VAK,,,,VCL 2026
twinjosh0605,76,2026,VAK,,,,VCL 2026
sammyspell,76,2026,VAK,,,,VCL 2026
TH3BETA1SH3RE,76,2026,VAK,,,,VCL 2026
xd_bullersej,76,2026,VAK,,,,VCL 2026
AJOUTLET,76,2026,VAK,,,,VCL 2026
Dubiov,76,2026,VAK,,,,VCL 2026
hell_ovashot,75,2026,VAK,,,,VCL 2026
dynamic_en,75,2026,VAK,,,,VCL 2026
Templa_r,75,2026,VAK,,,,VCL 2026
Laffayeta,75,2026,VAK,,,,VCL 2026
perlasvu,75,2026,VAK,,,,VCL 2026
Armorop123,75,2026,VAK,,,,VCL 2026
gloryaims,75,2026,VAK,,,,VCL 2026
Asceno,75,2026,VAK,,,,VCL 2026
Digi,75,2026,VAK,,,,VCL 2026
vacyls,75,2026,VAK,,,,VCL 2026
Pethenin,75,2026,VAK,,,,VCL 2026
SanguineVAX,75,2026,VAK,,,,VCL 2026
SatisfyingBoxtox,74,2026,VAK,,,,VCL 2026
doggy27648,74,2026,VAK,,,,VCL 2026
helmdor,74,2026,VAK,,,,VCL 2026
N0TS0FR0STY,74,2026,VAK,,,,VCL 2026
Sctrx,74,2026,VAK,,,,VCL 2026
yeetpilled,74,2026,VAK,,,,VCL 2026
fr3tsy,74,2026,VAK,,,,VCL 2026
MLGWr4th,74,2026,VAK,,,,VCL 2026
LVSandlez,74,2026,VAK,,,,VCL 2026
Dubscore,74,2026,VAK,,,,VCL 2026
sparhelpers,74,2026,VAK,,,,VCL 2026
CHAPL41N,73,2026,VAK,,,,VCL 2026
METHD0DMAN,73,2026,VAK,,,,VCL 2026
godislife,73,2026,VAK,,,,VCL 2026
rexr_x,73,2026,VAK,,,,VCL 2026
LordVolex,73,2026,VAK,,,,VCL 2026
flagstolen,73,2026,VAK,,,,VCL 2026
ckgamboa14,73,2026,VAK,,,,VCL 2026
roctetco,73,2026,VAK,,,,VCL 2026
ChillZynethuisiast,73,2026,VAK,,,,VCL 2026
P4TCHED,72,2026,VAK,,,,VCL 2026
nook12003,72,2026,VAK,,,,VCL 2026
cryptscx,72,2026,VAK,,,,VCL 2026
Vertlin,72,2026,VAK,,,,VCL 2026
flopad12,72,2026,VAK,,,,VCL 2026
tokyosurfer,91,2020,,,,,Latest tier list
unforspace,88,2020,,,,,Latest tier list
notOSTS,84,2020,,,,,Latest tier list
narits,84,2020,,,,,Latest tier list
Ghostiox,84,2020,,,,,Latest tier list
